,video,method,value
0,video_1,nafnet_reds,5.531261500382425
1,video_1,mffdnet,1.7248665754307657
2,video_1,real_blur,0.0
3,video_1,maxim_gopro,4.228222401137757
4,video_1,maxim_realblur_j,3.765513103477355
5,video_1,deblurgan_inception,5.114867046837766
6,video_1,maxim_reds,1.077199027605487
7,video_1,gt,6.35082512768998
8,video_2,maxim_reds,2.1022749221523123
9,video_2,real_blur,0.601904718535867
10,video_2,deblurgan_inception,3.430499336080321
11,video_2,gt,4.717071019589547
12,video_2,nafnet_reds,0.0
13,video_2,maxim_gopro,2.5503741042729846
14,video_2,mffdnet,0.351018002153916
15,video_2,maxim_realblur_j,1.8571292778533572
16,video_3,maxim_reds,1.299211912348718
17,video_3,deblurgan_inception,3.0500054385945994
18,video_3,maxim_realblur_j,5.045613860742019
19,video_3,gt,5.837823027495705
20,video_3,nafnet_reds,5.683589078029477
21,video_3,real_blur,0.0
22,video_3,mffdnet,1.134142270061076
23,video_3,maxim_gopro,5.392043167794694
24,video_4,maxim_realblur_j,0.6081550673889082
25,video_4,gt,1.7988097265062166
26,video_4,deblurgan_inception,2.1312238523520763
27,video_4,maxim_gopro,2.49733533863271
28,video_4,maxim_reds,1.0842334741960902
29,video_4,real_blur,0.0
30,video_4,mffdnet,0.13696508872756086
31,video_4,nafnet_reds,1.9500632015852557
32,video_5,deblurgan_inception,2.1964886439078026
33,video_5,gt,5.1316290272632585
34,video_5,maxim_gopro,0.804440901658066
35,video_5,real_blur,0.0
36,video_5,nafnet_reds,3.193305073048641
37,video_5,maxim_reds,0.8871801961420378
38,video_5,maxim_realblur_j,2.937364288316373
39,video_5,mffdnet,0.17154613155326937
40,video_6,nafnet_reds,9.78856525331555
41,video_6,maxim_realblur_j,11.18902910205105
42,video_6,maxim_gopro,6.110441047606207
43,video_6,maxim_reds,2.6055088321741264
44,video_6,gt,11.20783389126195
45,video_6,real_blur,0.0
46,video_6,mffdnet,3.4888693832621147
47,video_6,deblurgan_inception,8.028012574905302
48,video_7,maxim_reds,2.4404250005747095
49,video_7,deblurgan_inception,5.332341858097909
50,video_7,gt,6.121131213097212
51,video_7,nafnet_reds,3.7014405490250524
52,video_7,mffdnet,0.06838481345611891
53,video_7,maxim_gopro,3.2333099227993944
54,video_7,real_blur,0.0
55,video_7,maxim_realblur_j,4.4030661372445685
56,video_8,maxim_realblur_j,6.823035997267424
57,video_8,real_blur,0.059665766611434634
58,video_8,maxim_reds,1.397877567755998
59,video_8,maxim_gopro,1.1906959937139359
60,video_8,mffdnet,0.0
61,video_8,nafnet_reds,5.957993714328943
62,video_8,gt,8.15131579669281
63,video_8,deblurgan_inception,3.45466257449585
64,video_9,deblurgan_inception,3.748223276542661
65,video_9,maxim_realblur_j,3.3675844800951977
66,video_9,nafnet_reds,5.486476493839433
67,video_9,mffdnet,0.0
68,video_9,maxim_gopro,0.5151846839634677
69,video_9,real_blur,1.8100119618610964
70,video_9,gt,5.70994991561969
71,video_9,maxim_reds,2.72645409655603
72,video_10,real_blur,0.7334571279881759
73,video_10,nafnet_reds,2.9324641337280886
74,video_10,deblurgan_inception,2.2849602633242587
75,video_10,maxim_gopro,1.5627565240564423
76,video_10,gt,3.9897588436757676
77,video_10,maxim_realblur_j,0.9868468732341027
78,video_10,maxim_reds,1.5274972628891064
79,video_10,mffdnet,0.0
80,video_11,real_blur,0.0
81,video_11,deblurgan_inception,3.949955070867885
82,video_11,gt,7.836980991367106
83,video_11,maxim_reds,0.8455446389500182
84,video_11,nafnet_reds,5.472357217006953
85,video_11,mffdnet,1.0889875181038264
86,video_11,maxim_gopro,0.5107733416524722
87,video_11,maxim_realblur_j,3.159853808384889
88,video_12,gt,4.445645612240339
89,video_12,maxim_reds,1.3911737736701388
90,video_12,mffdnet,0.0
91,video_12,deblurgan_inception,1.9631517383316766
92,video_12,maxim_gopro,1.7287606672481641
93,video_12,real_blur,0.6162571920094679
94,video_12,nafnet_reds,4.212366829905289
95,video_12,maxim_realblur_j,4.177799910880257
96,video_13,gt,3.3223535868511362
97,video_13,maxim_gopro,2.5483912239162736
98,video_13,deblurgan_inception,2.3343041705878496
99,video_13,maxim_realblur_j,0.8380262822866693
100,video_13,nafnet_reds,0.9169990127170853
101,video_13,real_blur,0.0
102,video_13,mffdnet,1.7798749481269769
103,video_13,maxim_reds,0.8994459467564249
104,video_14,gt,6.957785667407406
105,video_14,real_blur,0.0
106,video_14,nafnet_reds,2.5296199500114485
107,video_14,maxim_reds,0.2946927756808577
108,video_14,deblurgan_inception,4.551528715368926
109,video_14,mffdnet,2.6812218265057446
110,video_14,maxim_realblur_j,1.301686038054437
111,video_14,maxim_gopro,0.3137459398474416
112,video_15,nafnet_reds,6.424120698538141
113,video_15,maxim_reds,1.2689925490360183
114,video_15,mffdnet,0.0
115,video_15,gt,7.416233088991889
116,video_15,real_blur,0.32238291305843614
117,video_15,maxim_gopro,1.2183790056478925
118,video_15,deblurgan_inception,3.453030365953199
119,video_15,maxim_realblur_j,6.622043367318295
120,video_16,maxim_realblur_j,5.776057222404176
121,video_16,real_blur,0.0
122,video_16,deblurgan_inception,5.341649466453634
123,video_16,gt,9.714359384571072
124,video_16,maxim_gopro,2.3407365679249397
125,video_16,mffdnet,3.4206366329996447
126,video_16,maxim_reds,1.8621093245019273
127,video_16,nafnet_reds,6.235903899947903
128,video_17,maxim_reds,1.7739259507483165
129,video_17,real_blur,1.6359547794478841
130,video_17,maxim_gopro,3.2443393534626814
131,video_17,mffdnet,2.214031760798135
132,video_17,nafnet_reds,0.0
133,video_17,deblurgan_inception,3.7086599498319783
134,video_17,gt,4.223450451738686
135,video_17,maxim_realblur_j,2.43998117653207
136,video_18,maxim_realblur_j,2.3967325661831222
137,video_18,mffdnet,0.4939788289509608
138,video_18,maxim_reds,1.432310182140562
139,video_18,deblurgan_inception,3.0254169489226315
140,video_18,nafnet_reds,2.894900393978401
141,video_18,gt,6.77264197408075
142,video_18,real_blur,0.0
143,video_18,maxim_gopro,1.4871440734809005
144,video_19,gt,10.651492992868835
145,video_19,maxim_gopro,0.35498822528534824
146,video_19,maxim_reds,0.40718771924414376
147,video_19,maxim_realblur_j,2.99921334836593
148,video_19,real_blur,0.0
149,video_19,mffdnet,3.3439449738677727
150,video_19,deblurgan_inception,5.615117890758714
151,video_19,nafnet_reds,7.916701905337151
152,video_20,maxim_reds,1.1033387121775566
153,video_20,gt,7.7938848123922515
154,video_20,maxim_gopro,0.8299742278642703
155,video_20,deblurgan_inception,4.915669021495753
156,video_20,maxim_realblur_j,2.9179557302980954
157,video_20,real_blur,0.0
158,video_20,mffdnet,2.1384440916332528
159,video_20,nafnet_reds,5.767636061967423
160,video_21,real_blur,0.0
161,video_21,maxim_reds,2.4883704296817903
162,video_21,maxim_gopro,1.5401022945201384
163,video_21,gt,9.510850952053048
164,video_21,deblurgan_inception,6.60300285526646
165,video_21,maxim_realblur_j,6.688651714720281
166,video_21,mffdnet,2.585497081890111
167,video_21,nafnet_reds,5.151422014700946
168,video_22,maxim_gopro,2.4120834528367543
169,video_22,real_blur,0.0
170,video_22,gt,5.250170410148041
171,video_22,deblurgan_inception,3.046902377583021
172,video_22,maxim_reds,0.8240048635333723
173,video_22,nafnet_reds,3.600695922550709
174,video_22,mffdnet,1.2605911513636046
175,video_22,maxim_realblur_j,1.4534998874489657
176,video_23,deblurgan_inception,3.564112246583111
177,video_23,maxim_reds,1.7610301620372442
178,video_23,gt,6.807016252502745
179,video_23,maxim_gopro,2.3244747862844166
180,video_23,real_blur,0.0
181,video_23,maxim_realblur_j,1.6758921557413908
182,video_23,nafnet_reds,4.44458847298468
183,video_23,mffdnet,1.3254011545951494
184,video_24,maxim_realblur_j,5.8781477086211655
185,video_24,real_blur,0.0
186,video_24,deblurgan_inception,4.035872926407826
187,video_24,maxim_gopro,5.9249969102047455
188,video_24,nafnet_reds,6.108420440154699
189,video_24,gt,6.997611078144029
190,video_24,mffdnet,1.474081871326912
191,video_24,maxim_reds,0.9918133008324581
192,video_25,mffdnet,0.6183831446548399
193,video_25,nafnet_reds,5.160090238069886
194,video_25,real_blur,0.0
195,video_25,deblurgan_inception,4.010080125609947
196,video_25,maxim_realblur_j,4.464992478995567
197,video_25,gt,8.362363725940206
198,video_25,maxim_gopro,1.3988895911340715
199,video_25,maxim_reds,0.7597257178168847
200,video_26,maxim_realblur_j,5.463089863609698
201,video_26,deblurgan_inception,4.4644650289224925
202,video_26,gt,6.432827350870007
203,video_26,mffdnet,1.1616174608653935
204,video_26,nafnet_reds,7.343051972487899
205,video_26,maxim_gopro,2.6947676129750646
206,video_26,maxim_reds,1.6298455787570512
207,video_26,real_blur,0.0
208,video_27,gt,7.748471276870683
209,video_27,nafnet_reds,5.253966021582484
210,video_27,deblurgan_inception,4.354705880911565
211,video_27,maxim_gopro,4.2445484701092075
212,video_27,mffdnet,1.0742351433421353
213,video_27,real_blur,0.0
214,video_27,maxim_reds,4.163500933727981
215,video_27,maxim_realblur_j,3.5550984891085067
216,video_28,deblurgan_inception,3.5480713075165755
217,video_28,nafnet_reds,5.237386560076594
218,video_28,maxim_reds,4.7128937820455
219,video_28,maxim_gopro,5.422083706899123
220,video_28,mffdnet,0.3906618129033541
221,video_28,gt,9.559478403783848
222,video_28,real_blur,0.0
223,video_28,maxim_realblur_j,6.097216485805088
224,video_29,maxim_realblur_j,4.206554109045558
225,video_29,nafnet_reds,3.5922477911918786
226,video_29,maxim_gopro,3.8241259527867877
227,video_29,maxim_reds,1.4449127206378232
228,video_29,real_blur,0.0
229,video_29,gt,6.313342326791255
230,video_29,mffdnet,0.630292880793033
231,video_29,deblurgan_inception,4.3887112245647035
232,video_30,real_blur,0.05309553533408496
233,video_30,gt,1.9550145005758846
234,video_30,maxim_realblur_j,0.47476569910002225
235,video_30,nafnet_reds,3.48598455669393
236,video_30,mffdnet,0.0
237,video_30,deblurgan_inception,2.557837288554111
238,video_30,maxim_reds,2.2720321317622894
239,video_30,maxim_gopro,2.7572566804957304
240,video_31,mffdnet,2.644835388168655
241,video_31,nafnet_reds,4.080035050501151
242,video_31,maxim_gopro,1.850934902306951
243,video_31,real_blur,0.0
244,video_31,maxim_realblur_j,6.0209456301724185
245,video_31,maxim_reds,1.1122328816761027
246,video_31,deblurgan_inception,4.119133973192284
247,video_31,gt,9.061742321816283
248,video_32,gt,7.205496485308023
249,video_32,maxim_gopro,1.3559228737236948
250,video_32,maxim_reds,0.18835380012688052
251,video_32,deblurgan_inception,0.997884237796681
252,video_32,real_blur,0.0
253,video_32,maxim_realblur_j,1.7567902970420448
254,video_32,nafnet_reds,4.378040127635918
255,video_32,mffdnet,0.692676133899977
256,video_33,maxim_gopro,0.6975707825924685
257,video_33,maxim_realblur_j,3.1174057580952916
258,video_33,gt,7.370929207841802
259,video_33,deblurgan_inception,3.828215627215916
260,video_33,nafnet_reds,5.285536218732498
261,video_33,maxim_reds,0.0
262,video_33,mffdnet,0.0005719626856872662
263,video_33,real_blur,0.04585984657262443
264,video_34,maxim_reds,2.3926607588732347
265,video_34,maxim_realblur_j,6.164279655441693
266,video_34,real_blur,0.0
267,video_34,mffdnet,2.5182295046939234
268,video_34,gt,8.637805143096593
269,video_34,nafnet_reds,5.072310133759576
270,video_34,deblurgan_inception,5.917145865720066
271,video_34,maxim_gopro,3.1954728939315937
272,video_35,maxim_realblur_j,4.97702781456999
273,video_35,deblurgan_inception,4.685945488162452
274,video_35,real_blur,0.0
275,video_35,mffdnet,1.2119037164351174
276,video_35,maxim_gopro,4.883120296245742
277,video_35,nafnet_reds,4.878720238673961
278,video_35,gt,6.505417732044146
279,video_35,maxim_reds,1.0108012042623624
280,video_36,deblurgan_inception,3.5089124417304873
281,video_36,maxim_reds,1.3802028249358944
282,video_36,real_blur,0.044297507303914685
283,video_36,mffdnet,0.0
284,video_36,gt,5.473850028006282
285,video_36,maxim_realblur_j,0.06570688072354258
286,video_36,maxim_gopro,3.261903846109087
287,video_36,nafnet_reds,3.604767874713233
288,video_37,maxim_gopro,4.540459244862138
289,video_37,deblurgan_inception,4.8384762488475666
290,video_37,nafnet_reds,6.179369552486918
291,video_37,maxim_reds,1.7823848624317238
292,video_37,mffdnet,1.0195522977116864
293,video_37,gt,7.0567342267439335
294,video_37,real_blur,0.0
295,video_37,maxim_realblur_j,5.661771448687325
296,video_38,gt,8.108497794402071
297,video_38,maxim_gopro,1.4300223214879484
298,video_38,real_blur,0.0
299,video_38,deblurgan_inception,5.257916844918016
300,video_38,nafnet_reds,6.80311199371548
301,video_38,maxim_reds,1.7549107444124505
302,video_38,mffdnet,1.4390966763491537
303,video_38,maxim_realblur_j,5.394491729002798
304,video_39,maxim_gopro,1.4991963646560116
305,video_39,maxim_realblur_j,7.827206252865225
306,video_39,nafnet_reds,5.444767705359899
307,video_39,maxim_reds,2.082053130905068
308,video_39,real_blur,5.608905150333854e-06
309,video_39,deblurgan_inception,5.173175778018068
310,video_39,gt,8.901341195837453
311,video_39,mffdnet,0.0
312,video_40,gt,9.737763585164371
313,video_40,mffdnet,4.42286856272438
314,video_40,maxim_realblur_j,1.286926914170575
315,video_40,nafnet_reds,3.5390946739816114
316,video_40,real_blur,0.0
317,video_40,maxim_reds,0.053222476506622485
318,video_40,maxim_gopro,0.601803982551667
319,video_40,deblurgan_inception,7.011567774982597
320,video_41,maxim_reds,2.1480103744120846
321,video_41,gt,7.108543133977247
322,video_41,real_blur,0.0
323,video_41,nafnet_reds,5.585189241840431
324,video_41,mffdnet,1.1720859039703568
325,video_41,maxim_realblur_j,4.843821536964427
326,video_41,maxim_gopro,2.8607148433250957
327,video_41,deblurgan_inception,5.540555127594301
328,video_42,real_blur,0.0
329,video_42,maxim_reds,1.776592702353658
330,video_42,maxim_gopro,3.515345562726949
331,video_42,deblurgan_inception,4.625197797032665
332,video_42,mffdnet,0.7378668659812453
333,video_42,maxim_realblur_j,6.077316844899211
334,video_42,gt,5.988168651209097
335,video_42,nafnet_reds,7.033665726261957
336,video_43,deblurgan_inception,3.0514654841539928
337,video_43,real_blur,0.0
338,video_43,maxim_gopro,0.15579012154622207
339,video_43,maxim_reds,0.8730100961607548
340,video_43,maxim_realblur_j,3.79976161163187
341,video_43,nafnet_reds,5.219993299584161
342,video_43,gt,6.174197218222249
343,video_43,mffdnet,0.8906277165509309
344,video_44,maxim_reds,2.784541766912045
345,video_44,maxim_gopro,3.155187466514227
346,video_44,maxim_realblur_j,2.3128189935950796
347,video_44,deblurgan_inception,5.660391205804244
348,video_44,mffdnet,0.0
349,video_44,real_blur,1.1205648615794634
350,video_44,gt,6.168459459341007
351,video_44,nafnet_reds,3.811067354211868
352,video_45,nafnet_reds,3.871121582777412
353,video_45,maxim_realblur_j,2.1602128892478385
354,video_45,deblurgan_inception,3.13909418322656
355,video_45,maxim_reds,2.2917341041870953
356,video_45,mffdnet,0.12314688422003961
357,video_45,real_blur,0.0
358,video_45,gt,4.211923839974201
359,video_45,maxim_gopro,2.926594695858262
360,video_46,deblurgan_inception,2.9279654483976114
361,video_46,real_blur,0.0
362,video_46,maxim_gopro,2.5971811229478416
363,video_46,gt,4.577664572109351
364,video_46,maxim_realblur_j,1.0654807832912017
365,video_46,mffdnet,0.07452216661499378
366,video_46,nafnet_reds,4.86810740691527
367,video_46,maxim_reds,2.129544223020228
368,video_47,maxim_realblur_j,5.016744007691733
369,video_47,nafnet_reds,2.4276429215746993
370,video_47,maxim_gopro,2.554546721626099
371,video_47,gt,9.10912219484853
372,video_47,maxim_reds,1.8157936608282337
373,video_47,deblurgan_inception,5.958797334718549
374,video_47,mffdnet,2.6470377955174462
375,video_47,real_blur,0.0
376,video_48,real_blur,0.0
377,video_48,nafnet_reds,3.7417616118108668
378,video_48,gt,6.086684874332597
379,video_48,maxim_gopro,2.048601538345662
380,video_48,deblurgan_inception,3.9773388662153684
381,video_48,maxim_reds,1.8771965529544685
382,video_48,mffdnet,0.7128642868648962
383,video_48,maxim_realblur_j,0.09865011557382285
384,video_49,deblurgan_inception,4.689747305589653
385,video_49,nafnet_reds,5.981238077726544
386,video_49,gt,7.332490104645416
387,video_49,maxim_reds,4.046024142870503
388,video_49,real_blur,0.0
389,video_49,mffdnet,1.6152819144286883
390,video_49,maxim_realblur_j,7.057777650735937
391,video_49,maxim_gopro,1.9994987243068842
392,video_50,maxim_reds,1.6648181324688738
393,video_50,mffdnet,1.3930472944052417
394,video_50,deblurgan_inception,5.078973456346234
395,video_50,gt,7.002480104302232
396,video_50,maxim_realblur_j,3.930554595984212
397,video_50,real_blur,0.0
398,video_50,maxim_gopro,1.1932117720816922
399,video_50,nafnet_reds,4.8169713975275
400,video_51,nafnet_reds,5.308357767434515
401,video_51,maxim_realblur_j,3.334563285925836
402,video_51,mffdnet,0.0
403,video_51,maxim_reds,4.188378117741694
404,video_51,gt,5.11860748274598
405,video_51,maxim_gopro,4.493640675938753
406,video_51,real_blur,2.2982742745707747
407,video_51,deblurgan_inception,5.816114277684565
408,video_52,mffdnet,0.0
409,video_52,maxim_realblur_j,5.4810864560887245
410,video_52,maxim_reds,3.0421621735780113
411,video_52,deblurgan_inception,5.450963380086843
412,video_52,maxim_gopro,3.0743619941650637
413,video_52,real_blur,0.6417830504252223
414,video_52,nafnet_reds,3.728000461154003
415,video_52,gt,7.257243961945155
416,video_53,mffdnet,1.462494870418071
417,video_53,deblurgan_inception,4.425669737369249
418,video_53,maxim_reds,1.3718991719539522
419,video_53,gt,7.14728348609319
420,video_53,real_blur,0.0
421,video_53,nafnet_reds,5.025469175822507
422,video_53,maxim_gopro,1.959777866921567
423,video_53,maxim_realblur_j,1.4163538566749325
424,video_54,nafnet_reds,6.311622990245685
425,video_54,gt,5.853345341488921
426,video_54,mffdnet,0.0
427,video_54,maxim_reds,1.0074405937463995
428,video_54,real_blur,0.3413597189873041
429,video_54,maxim_realblur_j,3.4373087926294477
430,video_54,deblurgan_inception,1.3682171804590952
431,video_54,maxim_gopro,1.4252174469167445
432,video_55,real_blur,0.5183051817577982
433,video_55,deblurgan_inception,2.669915011476326
434,video_55,maxim_realblur_j,3.6385397985126913
435,video_55,maxim_reds,1.5217541045878842
436,video_55,nafnet_reds,3.6015901302026094
437,video_55,gt,6.01926710887419
438,video_55,mffdnet,0.0
439,video_55,maxim_gopro,3.6691011814684495
440,video_56,gt,7.958862779794636
441,video_56,real_blur,0.0
442,video_56,maxim_reds,0.31672341778502844
443,video_56,mffdnet,1.963839427548347
444,video_56,nafnet_reds,4.645944829399897
445,video_56,maxim_realblur_j,0.2609782271395584
446,video_56,deblurgan_inception,4.319642788026436
447,video_56,maxim_gopro,1.3299500059955065
448,video_57,nafnet_reds,6.7756481297880935
449,video_57,maxim_realblur_j,5.1523244610390595
450,video_57,gt,7.271291686280406
451,video_57,real_blur,0.0
452,video_57,maxim_reds,2.9218291638699285
453,video_57,mffdnet,2.553080080379603
454,video_57,deblurgan_inception,5.440829403075057
455,video_57,maxim_gopro,4.14201343651613
456,video_58,gt,7.083632638055843
457,video_58,maxim_reds,0.0
458,video_58,deblurgan_inception,2.7310643675410207
459,video_58,mffdnet,0.9526728458730611
460,video_58,nafnet_reds,3.8193792151247905
461,video_58,maxim_realblur_j,1.6757549082241283
462,video_58,real_blur,0.3044228253029786
463,video_58,maxim_gopro,1.0710858464299404
464,video_59,nafnet_reds,5.050870783513757
465,video_59,maxim_gopro,3.505980967243583
466,video_59,mffdnet,0.702016540187202
467,video_59,real_blur,0.0
468,video_59,maxim_realblur_j,3.6134478652240576
469,video_59,deblurgan_inception,1.74824387932166
470,video_59,gt,6.32251797200368
471,video_59,maxim_reds,1.7750663082357008
472,video_60,maxim_realblur_j,2.285795865841484
473,video_60,nafnet_reds,3.380826758736151
474,video_60,maxim_reds,3.3120648907611514
475,video_60,maxim_gopro,5.061113045912064
476,video_60,deblurgan_inception,4.461792967355364
477,video_60,real_blur,0.0
478,video_60,mffdnet,1.1303658996974664
479,video_60,gt,7.347491277704289
480,video_61,gt,9.926975298321699
481,video_61,mffdnet,0.7259969206851338
482,video_61,maxim_reds,2.9365584111563745
483,video_61,nafnet_reds,6.766443937463533
484,video_61,maxim_realblur_j,5.914810784262435
485,video_61,deblurgan_inception,4.199554984540368
486,video_61,maxim_gopro,0.8338847882569489
487,video_61,real_blur,0.0
488,video_62,maxim_gopro,4.174582146517953
489,video_62,mffdnet,0.0006900409342733838
490,video_62,deblurgan_inception,3.9047419564342594
491,video_62,maxim_reds,2.0872692463225566
492,video_62,maxim_realblur_j,4.9990762117995615
493,video_62,real_blur,0.0
494,video_62,nafnet_reds,6.686086264434493
495,video_62,gt,6.2660754492463475
496,video_63,gt,3.986150725417261
497,video_63,maxim_reds,4.371161372874129
498,video_63,deblurgan_inception,3.762768834758835
499,video_63,maxim_realblur_j,3.924124242501508
500,video_63,real_blur,1.664269899001952
501,video_63,maxim_gopro,4.151161230029114
502,video_63,nafnet_reds,2.241209891450179
503,video_63,mffdnet,0.0
504,video_64,mffdnet,1.7782552790012625
505,video_64,deblurgan_inception,3.5826791146747254
506,video_64,maxim_gopro,3.2129248849408176
507,video_64,maxim_reds,1.793172044453573
508,video_64,gt,6.580142170950903
509,video_64,maxim_realblur_j,2.333716299936643
510,video_64,real_blur,0.0
511,video_64,nafnet_reds,3.841937149057445
512,video_65,maxim_reds,0.7506386777153472
513,video_65,maxim_realblur_j,7.0085946149840295
514,video_65,gt,6.0606711973191745
515,video_65,maxim_gopro,0.3231304952403543
516,video_65,nafnet_reds,7.482235708206109
517,video_65,real_blur,0.0
518,video_65,deblurgan_inception,3.6006011243518814
519,video_65,mffdnet,0.2165760059720313
520,video_66,maxim_gopro,1.0512793502530944
521,video_66,real_blur,0.0
522,video_66,gt,7.766601982666105
523,video_66,maxim_realblur_j,3.710556649031191
524,video_66,nafnet_reds,3.7934684799899783
525,video_66,deblurgan_inception,3.8973365178218877
526,video_66,mffdnet,0.6744792147370987
527,video_66,maxim_reds,0.8293206089957195
528,video_67,mffdnet,4.70075972073312
529,video_67,real_blur,0.0
530,video_67,maxim_gopro,8.373082092669698
531,video_67,nafnet_reds,8.149409606058494
532,video_67,deblurgan_inception,6.026839504693207
533,video_67,gt,11.354640609120919
534,video_67,maxim_reds,2.9346618383222385
535,video_67,maxim_realblur_j,8.814337407883047
536,video_68,real_blur,0.0
537,video_68,maxim_realblur_j,5.313171071102415
538,video_68,gt,5.9423096594676315
539,video_68,maxim_reds,3.1255079741397003
540,video_68,nafnet_reds,6.771578676912681
541,video_68,deblurgan_inception,4.390022349249195
542,video_68,maxim_gopro,3.033199557245157
543,video_68,mffdnet,1.0073140319743643
544,video_69,real_blur,0.0
545,video_69,maxim_realblur_j,1.7917802181881688
546,video_69,nafnet_reds,2.4207618445068526
547,video_69,maxim_gopro,1.0003779681340814
548,video_69,mffdnet,0.6209514067233738
549,video_69,gt,6.314590698069636
550,video_69,maxim_reds,0.31824115423399985
551,video_69,deblurgan_inception,2.2960896536305926
552,video_70,maxim_gopro,1.3213539639883292
553,video_70,gt,3.1746871411163324
554,video_70,maxim_reds,2.357937878531396
555,video_70,mffdnet,0.7390492484987657
556,video_70,deblurgan_inception,2.9749154957005626
557,video_70,maxim_realblur_j,2.165175329174937
558,video_70,nafnet_reds,1.1718589266626385
559,video_70,real_blur,0.0
560,video_71,maxim_reds,3.739013235691209
561,video_71,maxim_realblur_j,5.454699670019729
562,video_71,deblurgan_inception,7.645975838276599
563,video_71,gt,8.678595215183838
564,video_71,real_blur,0.0
565,video_71,nafnet_reds,7.41208590724992
566,video_71,maxim_gopro,2.6332949883204035
567,video_71,mffdnet,1.8967075164250817
568,video_72,real_blur,0.0
569,video_72,maxim_gopro,2.2330581139948036
570,video_72,mffdnet,0.3018260259555203
571,video_72,maxim_reds,2.979489895412194
572,video_72,deblurgan_inception,0.9954664270463893
573,video_72,maxim_realblur_j,3.530732300668343
574,video_72,gt,4.370345517759696
575,video_72,nafnet_reds,2.432729712000324
576,video_73,maxim_reds,0.6901590180558876
577,video_73,gt,9.810460059380109
578,video_73,nafnet_reds,7.964881545040345
579,video_73,deblurgan_inception,3.978297723906591
580,video_73,maxim_gopro,1.089548996114
581,video_73,mffdnet,0.04151970519418635
582,video_73,real_blur,0.0
583,video_73,maxim_realblur_j,5.522280380779903
584,video_74,maxim_realblur_j,1.6567979181282844
585,video_74,maxim_gopro,1.7401437188719089
586,video_74,nafnet_reds,4.899241563190076
587,video_74,gt,6.54585193140205
588,video_74,mffdnet,0.4508024276064482
589,video_74,deblurgan_inception,3.6134775717641383
590,video_74,maxim_reds,0.21224964743451147
591,video_74,real_blur,0.0
592,video_75,maxim_realblur_j,0.0
593,video_75,deblurgan_inception,0.3020692183607701
594,video_75,maxim_gopro,1.5282384729676464
595,video_75,maxim_reds,1.941936897158987
596,video_75,real_blur,0.2965820890242646
597,video_75,nafnet_reds,4.194167365939689
598,video_75,mffdnet,0.3455269792199458
599,video_75,gt,5.574666940281362
600,video_76,nafnet_reds,5.341083893188937
601,video_76,deblurgan_inception,4.1065803816275
602,video_76,maxim_gopro,3.4247644658828795
603,video_76,gt,7.568414695065108
604,video_76,maxim_reds,3.630823921646197
605,video_76,real_blur,0.0
606,video_76,maxim_realblur_j,1.9196049662417574
607,video_76,mffdnet,0.11506728717909098
608,video_77,nafnet_reds,1.177260437224141
609,video_77,deblurgan_inception,0.7533729268372937
610,video_77,maxim_realblur_j,0.0
611,video_77,mffdnet,0.5295049335841412
612,video_77,maxim_gopro,0.8661654970943573
613,video_77,maxim_reds,0.6729928177822587
614,video_77,real_blur,0.1712284174948353
615,video_77,gt,4.10810285582234
616,video_78,maxim_gopro,3.6477573291154015
617,video_78,mffdnet,0.0
618,video_78,nafnet_reds,3.6850649465994203
619,video_78,deblurgan_inception,4.059159439214322
620,video_78,real_blur,0.8711291959173386
621,video_78,gt,5.037070337264161
622,video_78,maxim_realblur_j,1.3688063804127362
623,video_78,maxim_reds,3.3349780137718312
624,video_79,nafnet_reds,5.846702756547793
625,video_79,mffdnet,0.7766794922567408
626,video_79,maxim_gopro,0.5629747950412671
627,video_79,gt,7.195711532553727
628,video_79,deblurgan_inception,2.1821928742564767
629,video_79,maxim_realblur_j,4.441536777239371
630,video_79,maxim_reds,1.4597823637195146
631,video_79,real_blur,0.0
632,video_80,gt,5.716270300649283
633,video_80,maxim_realblur_j,2.484049489776546
634,video_80,deblurgan_inception,2.3201762704270132
635,video_80,nafnet_reds,4.591472437395427
636,video_80,mffdnet,0.590498327274176
637,video_80,maxim_reds,0.9409464405391432
638,video_80,real_blur,0.0
639,video_80,maxim_gopro,2.1295734719829817
640,video_81,maxim_reds,2.929140007519549
641,video_81,gt,4.648528719219046
642,video_81,nafnet_reds,3.948108884957123
643,video_81,deblurgan_inception,3.4429838593597832
644,video_81,maxim_gopro,2.662030065108923
645,video_81,maxim_realblur_j,1.9711339379359285
646,video_81,mffdnet,1.148809463397339
647,video_81,real_blur,0.0
648,video_82,nafnet_reds,5.674809771780108
649,video_82,maxim_reds,0.46226115362964304
650,video_82,real_blur,0.0
651,video_82,deblurgan_inception,3.6591965890084026
652,video_82,maxim_gopro,0.37869151882976304
653,video_82,mffdnet,2.865877979730528
654,video_82,maxim_realblur_j,1.223103457956901
655,video_82,gt,8.53437071528208
656,video_83,mffdnet,1.7109240311566203
657,video_83,nafnet_reds,6.395978848108287
658,video_83,real_blur,0.0
659,video_83,maxim_realblur_j,1.6204513416262283
660,video_83,maxim_reds,2.1658605971569758
661,video_83,gt,8.321089421748056
662,video_83,deblurgan_inception,3.7579700148061455
663,video_83,maxim_gopro,3.8761328423572983
664,video_84,gt,11.431958119438042
665,video_84,mffdnet,2.6824177440723584
666,video_84,nafnet_reds,9.396120421283106
667,video_84,maxim_reds,3.0942337156438935
668,video_84,real_blur,0.0
669,video_84,maxim_realblur_j,10.559941420294273
670,video_84,deblurgan_inception,5.847894100568153
671,video_84,maxim_gopro,6.838369131783527
672,video_85,maxim_realblur_j,2.41439709524912
673,video_85,gt,4.536656296766861
674,video_85,real_blur,0.0
675,video_85,deblurgan_inception,3.400913890631212
676,video_85,maxim_reds,1.7163704069849546
677,video_85,nafnet_reds,3.1679015926824876
678,video_85,maxim_gopro,1.932620357983856
679,video_85,mffdnet,0.10905353573789123
680,video_86,maxim_reds,2.791268930767383
681,video_86,maxim_realblur_j,3.960692363351283
682,video_86,nafnet_reds,6.434101706363666
683,video_86,maxim_gopro,2.4611505861497975
684,video_86,mffdnet,0.7892288729485224
685,video_86,real_blur,0.0
686,video_86,deblurgan_inception,3.22947422853474
687,video_86,gt,5.993989400152667
688,video_87,deblurgan_inception,3.7219725467053224
689,video_87,maxim_reds,1.6749964277906169
690,video_87,maxim_realblur_j,3.1153708136754696
691,video_87,mffdnet,1.1747897223597739
692,video_87,nafnet_reds,4.713638476989842
693,video_87,real_blur,0.0
694,video_87,gt,6.685622181585876
695,video_87,maxim_gopro,2.327844845290825
696,video_88,real_blur,0.588845673641625
697,video_88,gt,7.879648346355383
698,video_88,maxim_reds,0.6141328152675055
699,video_88,nafnet_reds,3.402878872921634
700,video_88,maxim_realblur_j,6.133067981965462
701,video_88,deblurgan_inception,2.0376931885408562
702,video_88,mffdnet,0.0
703,video_88,maxim_gopro,0.6731490461112656
704,video_89,maxim_reds,1.7605515223165729
705,video_89,nafnet_reds,4.008037936074417
706,video_89,real_blur,0.0
707,video_89,deblurgan_inception,5.336149744204926
708,video_89,maxim_gopro,3.4347415482139088
709,video_89,gt,7.235416593033445
710,video_89,maxim_realblur_j,4.391643120158396
711,video_89,mffdnet,5.1475148159794175
712,video_90,maxim_realblur_j,8.012301393195928
713,video_90,real_blur,0.0
714,video_90,deblurgan_inception,3.5699573017115878
715,video_90,gt,9.344477087088881
716,video_90,mffdnet,4.599080349390579
717,video_90,maxim_gopro,6.704051030382855
718,video_90,nafnet_reds,8.868408657151727
719,video_90,maxim_reds,3.4020690277285075
720,video_91,maxim_gopro,3.0648328920214247
721,video_91,mffdnet,0.75804749907965
722,video_91,nafnet_reds,6.600296127499936
723,video_91,gt,7.988449526392293
724,video_91,deblurgan_inception,4.03153316786501
725,video_91,maxim_reds,1.7039370608311206
726,video_91,real_blur,0.0
727,video_91,maxim_realblur_j,3.7762129311296824
728,video_92,mffdnet,3.8042725027535247
729,video_92,maxim_gopro,6.654955955873844
730,video_92,deblurgan_inception,6.338922633410775
731,video_92,maxim_reds,3.337791591069249
732,video_92,real_blur,0.0
733,video_92,gt,10.11402082259534
734,video_92,nafnet_reds,10.31726040825624
735,video_92,maxim_realblur_j,8.912510081686547
736,video_93,gt,9.074623858412318
737,video_93,mffdnet,0.8774981440430807
738,video_93,maxim_reds,1.9038979905423803
739,video_93,deblurgan_inception,4.233208464844064
740,video_93,real_blur,0.0
741,video_93,maxim_gopro,2.668010814145018
742,video_93,nafnet_reds,6.013396870975567
743,video_93,maxim_realblur_j,3.666604456726013
744,video_94,real_blur,0.0
745,video_94,nafnet_reds,3.6231322987558565
746,video_94,maxim_reds,1.7413470529391009
747,video_94,maxim_gopro,0.1153957813486607
748,video_94,mffdnet,0.3937275845684162
749,video_94,gt,5.882552838723395
750,video_94,deblurgan_inception,2.399598814988026
751,video_94,maxim_realblur_j,0.586888960067952
752,video_95,maxim_reds,0.7067337742768743
753,video_95,real_blur,0.0
754,video_95,gt,5.6359816199292645
755,video_95,nafnet_reds,3.2293386988288098
756,video_95,maxim_gopro,0.22815698313553506
757,video_95,mffdnet,0.4465844199578926
758,video_95,maxim_realblur_j,2.3252621823842072
759,video_95,deblurgan_inception,2.046369398637898
760,video_96,gt,2.658351336152084
761,video_96,maxim_reds,1.3550378925521662
762,video_96,deblurgan_inception,2.226380863144751
763,video_96,maxim_gopro,0.3489364158988968
764,video_96,mffdnet,0.49791513227151585
765,video_96,real_blur,0.0
766,video_96,nafnet_reds,3.337544272888554
767,video_96,maxim_realblur_j,2.852639630188495
768,video_97,real_blur,1.5574682458933233
769,video_97,mffdnet,0.0
770,video_97,maxim_gopro,3.000740166279309
771,video_97,gt,5.65339771906863
772,video_97,maxim_realblur_j,3.397375177388455
773,video_97,nafnet_reds,1.4377460353683502
774,video_97,deblurgan_inception,5.647044087704154
775,video_97,maxim_reds,2.9411038408427164
776,video_98,real_blur,0.15768880871392793
777,video_98,gt,9.951211192084996
778,video_98,maxim_reds,1.0426100528015922
779,video_98,maxim_gopro,2.9066808286177337
780,video_98,mffdnet,0.0
781,video_98,nafnet_reds,5.541957112109378
782,video_98,deblurgan_inception,3.520118640167072
783,video_98,maxim_realblur_j,7.19718770388353
784,video_99,gt,7.536113295239448
785,video_99,maxim_realblur_j,4.17066023978866
786,video_99,mffdnet,2.0250280244726016
787,video_99,nafnet_reds,2.6266256269262787
788,video_99,deblurgan_inception,4.972699506501559
789,video_99,maxim_gopro,4.478819078372941
790,video_99,maxim_reds,3.0157421019254214
791,video_99,real_blur,0.0
792,video_100,gt,4.988090306619954
793,video_100,maxim_reds,1.3989747030866986
794,video_100,real_blur,0.0
795,video_100,mffdnet,0.47888690166908976
796,video_100,nafnet_reds,2.9269702593086593
797,video_100,maxim_realblur_j,3.6190630942543653
798,video_100,deblurgan_inception,1.3055325514203058
799,video_100,maxim_gopro,3.0798387511354095
800,video_101,maxim_realblur_j,4.8861022598129935
801,video_101,deblurgan_inception,5.773451232655234
802,video_101,maxim_gopro,2.5748716174502206
803,video_101,real_blur,0.0
804,video_101,mffdnet,3.156816767840921
805,video_101,nafnet_reds,2.60900980109594
806,video_101,gt,8.98221171757315
807,video_101,maxim_reds,2.5296035834528805
808,video_102,maxim_realblur_j,0.8997543165772801
809,video_102,gt,4.557049973314105
810,video_102,maxim_reds,1.1612078771458212
811,video_102,mffdnet,0.0
812,video_102,maxim_gopro,1.549020706271335
813,video_102,real_blur,0.5101084584661293
814,video_102,deblurgan_inception,1.6874212937906243
815,video_102,nafnet_reds,2.3871112426647874
816,video_103,maxim_realblur_j,4.860243413459521
817,video_103,nafnet_reds,5.957249629677679
818,video_103,deblurgan_inception,2.4742927930610676
819,video_103,maxim_reds,1.8589408149182427
820,video_103,mffdnet,0.0
821,video_103,real_blur,0.5858283522776206
822,video_103,maxim_gopro,3.377809616921833
823,video_103,gt,5.231077493883474
824,video_104,mffdnet,0.04063997757807256
825,video_104,maxim_reds,0.08099288768953058
826,video_104,deblurgan_inception,3.2842948820704985
827,video_104,maxim_realblur_j,0.4724227202423582
828,video_104,gt,7.162794442822937
829,video_104,maxim_gopro,1.0863790975499283
830,video_104,real_blur,0.0
831,video_104,nafnet_reds,4.264526565459066
832,video_105,maxim_realblur_j,3.9750371662807638
833,video_105,real_blur,0.0
834,video_105,deblurgan_inception,1.1415432756712924
835,video_105,nafnet_reds,2.64743509544729
836,video_105,maxim_reds,1.0242876861809638
837,video_105,maxim_gopro,1.6721577819301903
838,video_105,gt,7.132292554175352
839,video_105,mffdnet,0.6985475917387345
840,video_106,real_blur,0.1800869829478468
841,video_106,gt,8.1808224381183
842,video_106,mffdnet,0.7794755048884623
843,video_106,maxim_gopro,0.0
844,video_106,maxim_reds,0.7298988536144617
845,video_106,maxim_realblur_j,4.333308207420763
846,video_106,nafnet_reds,5.995019335734022
847,video_106,deblurgan_inception,4.8004256139042845
848,video_107,real_blur,0.0
849,video_107,gt,9.505264720537493
850,video_107,nafnet_reds,7.99192779402911
851,video_107,deblurgan_inception,7.169413455566051
852,video_107,maxim_reds,3.971516373340163
853,video_107,mffdnet,1.4444457467719212
854,video_107,maxim_realblur_j,9.38821798136446
855,video_107,maxim_gopro,6.6095222902683854
856,video_108,real_blur,0.5949116859633238
857,video_108,mffdnet,0.0
858,video_108,maxim_gopro,1.776349193512802
859,video_108,nafnet_reds,5.244658374653799
860,video_108,maxim_reds,1.0054115459851185
861,video_108,maxim_realblur_j,3.904309067632158
862,video_108,gt,7.656009532245396
863,video_108,deblurgan_inception,4.56414284817302
864,video_109,real_blur,0.0
865,video_109,gt,6.5261275481158325
866,video_109,deblurgan_inception,3.4809297423239967
867,video_109,nafnet_reds,3.7708384528960432
868,video_109,maxim_reds,0.5842840655579219
869,video_109,maxim_gopro,4.215807406038306
870,video_109,maxim_realblur_j,4.056059223131102
871,video_109,mffdnet,3.357663781521828
872,video_110,gt,5.2039250444829
873,video_110,nafnet_reds,3.0665309402193266
874,video_110,maxim_reds,3.246684683266351
875,video_110,deblurgan_inception,5.2967841763907435
876,video_110,real_blur,1.3618775343747878
877,video_110,maxim_realblur_j,2.737024106850376
878,video_110,maxim_gopro,4.008378786964223
879,video_110,mffdnet,0.0
880,video_111,mffdnet,0.6102047716719792
881,video_111,nafnet_reds,6.346551145055514
882,video_111,maxim_realblur_j,2.6969742843458864
883,video_111,maxim_gopro,1.3369940727473484
884,video_111,deblurgan_inception,3.705702264526242
885,video_111,real_blur,0.0
886,video_111,maxim_reds,0.3231729671047999
887,video_111,gt,9.085377380822065
888,video_112,maxim_gopro,2.3822241849466295
889,video_112,maxim_reds,1.0863175917542454
890,video_112,nafnet_reds,4.438161207106706
891,video_112,mffdnet,2.0130751709351746
892,video_112,deblurgan_inception,3.1125419542087505
893,video_112,maxim_realblur_j,3.3575816029006287
894,video_112,gt,7.788884896019715
895,video_112,real_blur,0.0
896,video_113,gt,9.33670426697366
897,video_113,maxim_realblur_j,6.363255385791915
898,video_113,deblurgan_inception,3.2237231415946086
899,video_113,maxim_reds,1.5759167728547432
900,video_113,maxim_gopro,1.4257415429799778
901,video_113,mffdnet,0.0
902,video_113,nafnet_reds,4.923366016952073
903,video_113,real_blur,0.44114504955784817
904,video_114,maxim_gopro,1.487264688134987
905,video_114,deblurgan_inception,2.6847733687355957
906,video_114,maxim_realblur_j,0.7607468722176629
907,video_114,maxim_reds,2.2510430605470737
908,video_114,gt,4.849246008895385
909,video_114,real_blur,0.0
910,video_114,mffdnet,0.8647538770490769
911,video_114,nafnet_reds,3.3785043720880905
912,video_115,maxim_gopro,1.5043954830478024
913,video_115,mffdnet,0.8511040316108563
914,video_115,real_blur,0.0
915,video_115,maxim_reds,1.4948262299924764
916,video_115,nafnet_reds,1.3678220947727644
917,video_115,deblurgan_inception,1.7241529398114102
918,video_115,maxim_realblur_j,0.17847948524653923
919,video_115,gt,1.895237451331976
920,video_116,maxim_realblur_j,3.7988072501082106
921,video_116,real_blur,0.0
922,video_116,mffdnet,1.504629086142386
923,video_116,deblurgan_inception,6.619985482592207
924,video_116,gt,8.344765270479236
925,video_116,maxim_gopro,0.6997047891543784
926,video_116,maxim_reds,4.0297602666538825
927,video_116,nafnet_reds,5.989503478986558
928,video_117,maxim_gopro,1.7294406648208038
929,video_117,nafnet_reds,2.7338986908805345
930,video_117,deblurgan_inception,2.469051974538296
931,video_117,maxim_realblur_j,3.1076540923205878
932,video_117,real_blur,0.0
933,video_117,mffdnet,0.10372865660361197
934,video_117,maxim_reds,0.6094223091056912
935,video_117,gt,5.447147372953921
936,video_118,real_blur,0.0
937,video_118,maxim_realblur_j,2.1801075391309674
938,video_118,nafnet_reds,5.130843384706198
939,video_118,maxim_reds,0.8465741615516914
940,video_118,deblurgan_inception,1.0510010426947085
941,video_118,maxim_gopro,1.0941342285380604
942,video_118,gt,7.2728371474836875
943,video_118,mffdnet,0.7247488921526766
944,video_119,deblurgan_inception,4.578716229376295
945,video_119,maxim_realblur_j,4.455594603517129
946,video_119,maxim_gopro,1.694362668183425
947,video_119,mffdnet,1.2661463712670353
948,video_119,real_blur,0.0
949,video_119,nafnet_reds,5.0781761289400285
950,video_119,maxim_reds,1.8689096303866526
951,video_119,gt,7.641378253129301
952,video_120,deblurgan_inception,2.307444296425452
953,video_120,mffdnet,0.45381810282902957
954,video_120,real_blur,0.0
955,video_120,gt,4.8790082500221335
956,video_120,maxim_realblur_j,0.81566669922705
957,video_120,maxim_reds,0.8278965969798433
958,video_120,nafnet_reds,3.34045203266425
959,video_120,maxim_gopro,1.464050202866218
960,video_121,deblurgan_inception,3.3696510644364985
961,video_121,mffdnet,0.0
962,video_121,maxim_reds,2.0597416456297832
963,video_121,maxim_realblur_j,6.339244130053197
964,video_121,maxim_gopro,1.2480375455155195
965,video_121,real_blur,0.18635578188091984
966,video_121,gt,8.090815466587092
967,video_121,nafnet_reds,4.299136354286959
968,video_122,real_blur,0.0
969,video_122,maxim_gopro,1.4374137232849395
970,video_122,gt,5.617290335290975
971,video_122,maxim_realblur_j,1.0577216081159735
972,video_122,nafnet_reds,3.573624269105338
973,video_122,maxim_reds,1.2849857456838556
974,video_122,deblurgan_inception,3.466222269151681
975,video_122,mffdnet,0.030701228276800486
976,video_123,real_blur,0.0
977,video_123,nafnet_reds,3.308469827206223
978,video_123,maxim_gopro,3.1008060048150097
979,video_123,maxim_realblur_j,2.1739093578616555
980,video_123,deblurgan_inception,3.634637302335562
981,video_123,maxim_reds,1.1222461511908215
982,video_123,mffdnet,0.919967933521111
983,video_123,gt,6.497934466696647
984,video_124,deblurgan_inception,4.625774664826926
985,video_124,maxim_gopro,2.1114806471934817
986,video_124,gt,5.351225568484588
987,video_124,real_blur,0.4051915130585897
988,video_124,nafnet_reds,6.630969079651891
989,video_124,mffdnet,0.0
990,video_124,maxim_realblur_j,5.833401456652522
991,video_124,maxim_reds,3.22822652977213
992,video_125,maxim_gopro,0.8909886993396078
993,video_125,real_blur,0.0
994,video_125,maxim_realblur_j,3.3735255363619765
995,video_125,gt,7.122724557492801
996,video_125,nafnet_reds,4.592832254906982
997,video_125,deblurgan_inception,2.7861280476011165
998,video_125,mffdnet,1.5896230139917198
999,video_125,maxim_reds,0.43950466504795954
1000,video_126,maxim_gopro,5.364039705773027
1001,video_126,deblurgan_inception,3.519473685957723
1002,video_126,mffdnet,0.0
1003,video_126,maxim_realblur_j,5.706019709609949
1004,video_126,nafnet_reds,4.6182051363785135
1005,video_126,real_blur,1.5136751555426096
1006,video_126,maxim_reds,2.549108246525218
1007,video_126,gt,6.502838853722606
1008,video_127,maxim_reds,1.2197457178564615
1009,video_127,maxim_realblur_j,3.0055440630048347
1010,video_127,real_blur,0.0
1011,video_127,mffdnet,1.301373780240298
1012,video_127,gt,4.539244753155699
1013,video_127,maxim_gopro,3.116138576817111
1014,video_127,nafnet_reds,2.8619302646147657
1015,video_127,deblurgan_inception,3.503125186923505
1016,video_128,gt,6.593297113990155
1017,video_128,deblurgan_inception,3.922478964756345
1018,video_128,mffdnet,0.32758012676646064
1019,video_128,nafnet_reds,5.555115760714433
1020,video_128,maxim_reds,2.606057503485453
1021,video_128,real_blur,0.0
1022,video_128,maxim_gopro,1.1681541806628228
1023,video_128,maxim_realblur_j,3.6509617778979346
1024,video_129,deblurgan_inception,0.8225526133437592
1025,video_129,maxim_realblur_j,0.984900650743641
1026,video_129,real_blur,0.0
1027,video_129,nafnet_reds,3.9976982708129016
1028,video_129,mffdnet,0.18504114090907986
1029,video_129,maxim_reds,0.29163727324249267
1030,video_129,gt,5.286335182646144
1031,video_129,maxim_gopro,0.6097555331843856
1032,video_130,deblurgan_inception,3.6805759129539517
1033,video_130,maxim_realblur_j,2.070599020133087
1034,video_130,maxim_gopro,3.3984306696203115
1035,video_130,real_blur,0.0
1036,video_130,maxim_reds,0.2799105564533866
1037,video_130,gt,7.121121536315034
1038,video_130,nafnet_reds,1.8025968545832873
1039,video_130,mffdnet,1.1829375842814729
1040,video_131,real_blur,0.8697296705123505
1041,video_131,maxim_gopro,2.518540572540659
1042,video_131,maxim_realblur_j,5.746567060616227
1043,video_131,nafnet_reds,6.320775288991349
1044,video_131,mffdnet,0.0
1045,video_131,maxim_reds,4.084840685629991
1046,video_131,deblurgan_inception,5.3940383852698215
1047,video_131,gt,5.160639663484146
1048,video_132,nafnet_reds,4.431497454510716
1049,video_132,real_blur,0.0
1050,video_132,gt,7.823652849070953
1051,video_132,mffdnet,0.99564810244873
1052,video_132,maxim_gopro,2.4092050022251765
1053,video_132,deblurgan_inception,4.751698686408619
1054,video_132,maxim_realblur_j,5.7976743918305225
1055,video_132,maxim_reds,1.4693797350208064
1056,video_133,gt,7.300035267564717
1057,video_133,nafnet_reds,4.7453052812991885
1058,video_133,real_blur,1.6756107096541548
1059,video_133,maxim_reds,2.920126896649662
1060,video_133,mffdnet,0.0
1061,video_133,maxim_realblur_j,5.932183841783023
1062,video_133,maxim_gopro,2.9074317683629367
1063,video_133,deblurgan_inception,4.226508746881373
1064,video_134,deblurgan_inception,5.547414274501277
1065,video_134,nafnet_reds,6.143661743906552
1066,video_134,maxim_realblur_j,1.5961047534564439
1067,video_134,maxim_reds,3.6704705675577722
1068,video_134,maxim_gopro,2.4317685826999487
1069,video_134,mffdnet,0.26750371104523296
1070,video_134,gt,7.663896501158787
1071,video_134,real_blur,0.0
1072,video_135,maxim_realblur_j,5.0882545220704145
1073,video_135,deblurgan_inception,4.7672933962537645
1074,video_135,mffdnet,2.718432561792526
1075,video_135,maxim_reds,5.078758215370227
1076,video_135,maxim_gopro,0.3265233382473687
1077,video_135,real_blur,0.0
1078,video_135,nafnet_reds,5.032917141417279
1079,video_135,gt,6.913384211558705
1080,video_136,maxim_gopro,2.623973796778317
1081,video_136,maxim_realblur_j,4.279086675503658
1082,video_136,real_blur,0.0
1083,video_136,nafnet_reds,6.089810203468399
1084,video_136,deblurgan_inception,5.247372635862256
1085,video_136,maxim_reds,1.1603201612279976
1086,video_136,gt,9.247308711731252
1087,video_136,mffdnet,0.9428092819600755
1088,video_137,gt,9.923164103271125
1089,video_137,deblurgan_inception,7.243377258790339
1090,video_137,real_blur,0.0
1091,video_137,maxim_gopro,4.4181581121563775
1092,video_137,nafnet_reds,5.4633418502855084
1093,video_137,maxim_realblur_j,7.895534284840796
1094,video_137,mffdnet,1.6922239725095594
1095,video_137,maxim_reds,2.3197499362166125
1096,video_138,real_blur,0.0
1097,video_138,mffdnet,0.7588732573208365
1098,video_138,nafnet_reds,4.223165785407223
1099,video_138,maxim_realblur_j,1.2120956756423693
1100,video_138,gt,7.052014390003693
1101,video_138,maxim_reds,0.5326921226700028
1102,video_138,maxim_gopro,0.21643293766083946
1103,video_138,deblurgan_inception,1.563064436479022
1104,video_139,mffdnet,1.648344452086666
1105,video_139,deblurgan_inception,5.438755044071785
1106,video_139,maxim_reds,0.4412763933547672
1107,video_139,gt,9.535639497953971
1108,video_139,maxim_realblur_j,3.4980218603484996
1109,video_139,maxim_gopro,0.0
1110,video_139,nafnet_reds,6.234851418840254
1111,video_139,real_blur,0.16980562061681592
1112,video_140,deblurgan_inception,4.788880501304809
1113,video_140,mffdnet,0.8866971712640908
1114,video_140,gt,8.634422563249764
1115,video_140,nafnet_reds,5.384771979052745
1116,video_140,maxim_realblur_j,2.638994422140611
1117,video_140,maxim_gopro,0.4815010253358256
1118,video_140,maxim_reds,1.7800974934206764
1119,video_140,real_blur,0.0
1120,video_141,maxim_gopro,2.9542120987681666
1121,video_141,maxim_reds,2.9785308054955975
1122,video_141,mffdnet,0.17170146140181108
1123,video_141,nafnet_reds,7.663182932863812
1124,video_141,deblurgan_inception,4.769133879059102
1125,video_141,maxim_realblur_j,7.721428941332761
1126,video_141,real_blur,0.0
1127,video_141,gt,9.426836115183937
1128,video_142,nafnet_reds,3.3149307376184267
1129,video_142,gt,6.164036949358348
1130,video_142,real_blur,0.2716631096781774
1131,video_142,mffdnet,0.0
1132,video_142,maxim_gopro,1.0434578456173873
1133,video_142,deblurgan_inception,3.146614449129941
1134,video_142,maxim_realblur_j,5.273356325089449
1135,video_142,maxim_reds,2.06186385281504
1136,video_143,maxim_gopro,4.12273348832146
1137,video_143,mffdnet,0.0
1138,video_143,gt,6.626747787125881
1139,video_143,maxim_realblur_j,5.297934824378931
1140,video_143,nafnet_reds,6.202328425414929
1141,video_143,deblurgan_inception,3.826437693878354
1142,video_143,real_blur,0.935129701879319
1143,video_143,maxim_reds,2.5786716658041504
1144,video_144,mffdnet,0.1760328834107008
1145,video_144,maxim_realblur_j,0.7573895786662805
1146,video_144,nafnet_reds,4.429839985864683
1147,video_144,gt,4.6674530472811915
1148,video_144,real_blur,0.0
1149,video_144,deblurgan_inception,3.1787745874309525
1150,video_144,maxim_gopro,2.9641965237806303
1151,video_144,maxim_reds,2.1342772722091086
1152,video_145,mffdnet,1.4516284929398027
1153,video_145,maxim_reds,1.2333839589447748
1154,video_145,maxim_gopro,1.493124716520792
1155,video_145,deblurgan_inception,4.592860883153605
1156,video_145,real_blur,0.0
1157,video_145,nafnet_reds,6.1906789582478385
1158,video_145,maxim_realblur_j,1.0064563098458341
1159,video_145,gt,9.130024803547505
1160,video_146,gt,9.770135972066011
1161,video_146,deblurgan_inception,6.838446233698498
1162,video_146,mffdnet,0.0
1163,video_146,maxim_reds,2.9234120525225773
1164,video_146,real_blur,0.7266181898435526
1165,video_146,maxim_gopro,4.17612949388993
1166,video_146,nafnet_reds,4.448311951518811
1167,video_146,maxim_realblur_j,4.0357463725116265
1168,video_147,maxim_reds,3.2971609199398952
1169,video_147,mffdnet,1.8476105801997351
1170,video_147,maxim_gopro,2.959999302534305
1171,video_147,deblurgan_inception,5.183839361743189
1172,video_147,nafnet_reds,4.105347797701896
1173,video_147,maxim_realblur_j,4.125125003069763
1174,video_147,real_blur,0.0
1175,video_147,gt,6.075675037787173
1176,video_148,deblurgan_inception,5.6892788497592015
1177,video_148,real_blur,0.0
1178,video_148,gt,8.823989155869274
1179,video_148,nafnet_reds,6.485302417397434
1180,video_148,maxim_reds,2.645906629051869
1181,video_148,maxim_gopro,3.0145125341077508
1182,video_148,maxim_realblur_j,7.434163503807142
1183,video_148,mffdnet,0.45458801525512804
1184,video_149,deblurgan_inception,7.552502408515186
1185,video_149,nafnet_reds,7.144874811973598
1186,video_149,maxim_reds,3.5446500677928174
1187,video_149,real_blur,0.936446074310977
1188,video_149,mffdnet,0.0
1189,video_149,gt,9.516690535837988
1190,video_149,maxim_realblur_j,8.19147767219938
1191,video_149,maxim_gopro,6.078943436055289
1192,video_150,maxim_realblur_j,0.0
1193,video_150,nafnet_reds,1.5347285781256272
1194,video_150,real_blur,0.011527925689234128
1195,video_150,mffdnet,0.9711434643248095
1196,video_150,deblurgan_inception,2.9615449878697166
1197,video_150,gt,6.270815133524284
1198,video_150,maxim_reds,0.9261502476527088
1199,video_150,maxim_gopro,0.9846387841973905
1200,video_151,mffdnet,1.5426210585675577
1201,video_151,nafnet_reds,3.0363385770669833
1202,video_151,maxim_realblur_j,5.678870578521832
1203,video_151,gt,5.350778412544296
1204,video_151,deblurgan_inception,1.5043793382978143
1205,video_151,maxim_gopro,3.8359280490528747
1206,video_151,maxim_reds,3.554087708466156
1207,video_151,real_blur,0.0
1208,video_152,deblurgan_inception,4.104457268862014
1209,video_152,maxim_reds,2.696080035744668
1210,video_152,maxim_realblur_j,2.403292100019906
1211,video_152,gt,6.904270774851616
1212,video_152,real_blur,0.0
1213,video_152,maxim_gopro,3.709888689374732
1214,video_152,nafnet_reds,4.914517871288701
1215,video_152,mffdnet,1.0304879646814697
1216,video_153,gt,8.095877831209098
1217,video_153,deblurgan_inception,3.8362074364117467
1218,video_153,maxim_reds,0.5033246871068142
1219,video_153,maxim_realblur_j,0.2805452453162234
1220,video_153,mffdnet,0.9635244852477953
1221,video_153,real_blur,0.0
1222,video_153,maxim_gopro,0.5896570659906404
1223,video_153,nafnet_reds,5.338166195860026
1224,video_154,deblurgan_inception,6.789831894070891
1225,video_154,maxim_reds,2.409919353783142
1226,video_154,nafnet_reds,6.493725482428797
1227,video_154,maxim_realblur_j,7.436386924508425
1228,video_154,mffdnet,2.627077044924887
1229,video_154,real_blur,0.0
1230,video_154,gt,9.863563078775012
1231,video_154,maxim_gopro,4.283796848055843
1232,video_155,deblurgan_inception,6.337506308487425
1233,video_155,maxim_reds,2.6601732889631604
1234,video_155,maxim_gopro,5.8544918126081615
1235,video_155,maxim_realblur_j,7.02633387645357
1236,video_155,real_blur,0.0
1237,video_155,gt,6.545943753324155
1238,video_155,nafnet_reds,5.464424069966071
1239,video_155,mffdnet,2.877984676018779
1240,video_156,nafnet_reds,3.854364343396168
1241,video_156,maxim_reds,0.5270304189963895
1242,video_156,maxim_realblur_j,0.3724100611167085
1243,video_156,mffdnet,1.0144860848704065
1244,video_156,maxim_gopro,1.3319507983246277
1245,video_156,gt,6.0883710364144275
1246,video_156,real_blur,0.0
1247,video_156,deblurgan_inception,4.297285105542196
1248,video_157,real_blur,0.0
1249,video_157,maxim_reds,0.7970330899696374
1250,video_157,maxim_gopro,1.0767826776915606
1251,video_157,gt,7.674505346061485
1252,video_157,deblurgan_inception,3.075501408028137
1253,video_157,mffdnet,0.33452553721586703
1254,video_157,nafnet_reds,4.797428678407811
1255,video_157,maxim_realblur_j,2.897208522521035
1256,video_158,mffdnet,1.9810155804987555
1257,video_158,gt,8.96383760249452
1258,video_158,real_blur,0.0
1259,video_158,nafnet_reds,7.7496776327536345
1260,video_158,maxim_gopro,3.980670100380755
1261,video_158,maxim_realblur_j,6.987109573858566
1262,video_158,maxim_reds,3.2309968443247605
1263,video_158,deblurgan_inception,6.753251244309585
1264,video_159,maxim_realblur_j,7.842669780227638
1265,video_159,maxim_reds,4.5517565445916475
1266,video_159,maxim_gopro,5.0627574314502315
1267,video_159,nafnet_reds,6.255482140497858
1268,video_159,deblurgan_inception,3.163971441534014
1269,video_159,real_blur,0.0
1270,video_159,gt,8.581034328016575
1271,video_159,mffdnet,0.6100805984831972
1272,video_160,maxim_reds,0.8847957433121009
1273,video_160,mffdnet,1.3493692404793058
1274,video_160,deblurgan_inception,4.073838869282366
1275,video_160,gt,7.498163868212183
1276,video_160,maxim_gopro,3.692372472072414
1277,video_160,maxim_realblur_j,5.305698829651522
1278,video_160,nafnet_reds,5.399216227407159
1279,video_160,real_blur,0.0
1280,video_161,mffdnet,0.33965413241930353
1281,video_161,gt,7.504264638583647
1282,video_161,maxim_reds,0.870601126275449
1283,video_161,maxim_gopro,2.3289628873427315
1284,video_161,maxim_realblur_j,4.853462337298661
1285,video_161,deblurgan_inception,4.388352421772441
1286,video_161,real_blur,0.0
1287,video_161,nafnet_reds,5.696688086368367
1288,video_162,maxim_reds,1.1417152357762839
1289,video_162,maxim_gopro,0.13615558602084699
1290,video_162,maxim_realblur_j,1.359646807907821
1291,video_162,gt,4.424798695649463
1292,video_162,real_blur,0.02088364104061613
1293,video_162,deblurgan_inception,2.479313540318868
1294,video_162,nafnet_reds,4.104195477753793
1295,video_162,mffdnet,0.0
1296,video_163,nafnet_reds,4.003568342158522
1297,video_163,maxim_realblur_j,3.114956590624261
1298,video_163,gt,7.205588616179121
1299,video_163,deblurgan_inception,2.3713825089762084
1300,video_163,real_blur,0.0
1301,video_163,maxim_reds,0.3898632849616601
1302,video_163,maxim_gopro,1.0857289478481413
1303,video_163,mffdnet,0.35784571943477905
1304,video_164,maxim_gopro,2.126619177660806
1305,video_164,nafnet_reds,2.535268103612604
1306,video_164,maxim_reds,2.071510090214802
1307,video_164,maxim_realblur_j,0.457836167208312
1308,video_164,mffdnet,1.181244520220599
1309,video_164,deblurgan_inception,1.2426612773927328
1310,video_164,gt,2.7562712980018653
1311,video_164,real_blur,0.0
1312,video_165,maxim_gopro,0.2606794810102496
1313,video_165,deblurgan_inception,3.2847668707756053
1314,video_165,maxim_realblur_j,2.465195520785613
1315,video_165,real_blur,0.0
1316,video_165,mffdnet,0.9367274666815525
1317,video_165,gt,5.194241790999578
1318,video_165,maxim_reds,1.8906165933084247
1319,video_165,nafnet_reds,2.5766083743280666
1320,video_166,nafnet_reds,5.466462337507172
1321,video_166,mffdnet,0.18968934116051805
1322,video_166,maxim_gopro,1.309372650153093
1323,video_166,real_blur,0.0
1324,video_166,deblurgan_inception,3.7309302092744874
1325,video_166,gt,7.369688869911195
1326,video_166,maxim_realblur_j,5.995093803643861
1327,video_166,maxim_reds,1.0726513286894974
1328,video_167,maxim_reds,8.089283717869497
1329,video_167,deblurgan_inception,4.825545863657968
1330,video_167,nafnet_reds,9.053218137353847
1331,video_167,gt,8.737104569489642
1332,video_167,maxim_gopro,6.337027686230834
1333,video_167,maxim_realblur_j,7.822421495782008
1334,video_167,mffdnet,2.3259105725844007
1335,video_167,real_blur,0.0
1336,video_168,deblurgan_inception,1.2760378785640132
1337,video_168,maxim_reds,0.14896940417239435
1338,video_168,maxim_gopro,1.3380503733186553
1339,video_168,real_blur,0.0
1340,video_168,maxim_realblur_j,4.732057409351134
1341,video_168,nafnet_reds,4.803799701797971
1342,video_168,gt,8.208739865675266
1343,video_168,mffdnet,0.49454948153740863
1344,video_169,deblurgan_inception,3.1415937634246505
1345,video_169,nafnet_reds,4.318022840084453
1346,video_169,real_blur,0.12458988598416187
1347,video_169,mffdnet,0.0
1348,video_169,maxim_realblur_j,1.5968860646440854
1349,video_169,gt,6.460143810306848
1350,video_169,maxim_gopro,2.0975255065540157
1351,video_169,maxim_reds,0.6449593926507062
1352,video_170,mffdnet,1.3459869663968875
1353,video_170,real_blur,0.0
1354,video_170,maxim_gopro,3.204998064561373
1355,video_170,deblurgan_inception,1.094565228700827
1356,video_170,maxim_reds,1.604556243715142
1357,video_170,nafnet_reds,5.405196592708639
1358,video_170,maxim_realblur_j,5.0052732501968435
1359,video_170,gt,5.92498929939535
1360,video_171,nafnet_reds,9.048821255253332
1361,video_171,real_blur,0.0
1362,video_171,maxim_realblur_j,8.55261195438087
1363,video_171,mffdnet,4.1297019954273
1364,video_171,maxim_gopro,6.092177307653442
1365,video_171,maxim_reds,3.27013476013731
1366,video_171,deblurgan_inception,4.893127574360782
1367,video_171,gt,10.017365406228688
1368,video_172,gt,5.494764380789412
1369,video_172,nafnet_reds,6.47787126444958
1370,video_172,mffdnet,1.1166102519247643
1371,video_172,maxim_reds,3.4348861432374083
1372,video_172,deblurgan_inception,2.981361533264882
1373,video_172,maxim_realblur_j,3.8056237066688565
1374,video_172,real_blur,0.0
1375,video_172,maxim_gopro,4.331324222654162
1376,video_173,mffdnet,0.26182349238216507
1377,video_173,maxim_reds,1.2260655660335762
1378,video_173,deblurgan_inception,4.226709628372147
1379,video_173,gt,7.086765004063335
1380,video_173,real_blur,0.0
1381,video_173,maxim_gopro,5.067069378377055
1382,video_173,nafnet_reds,4.691514202136801
1383,video_173,maxim_realblur_j,5.041251558911984
1384,video_174,deblurgan_inception,5.6855016584129725
1385,video_174,real_blur,0.0
1386,video_174,mffdnet,1.3041835672155964
1387,video_174,maxim_reds,1.8350991629952653
1388,video_174,maxim_gopro,3.0742759412767695
1389,video_174,gt,8.399293117457077
1390,video_174,nafnet_reds,4.73746498511625
1391,video_174,maxim_realblur_j,4.6563341949492365
1392,video_175,gt,12.255923488794494
1393,video_175,real_blur,0.0
1394,video_175,deblurgan_inception,6.041706606734732
1395,video_175,maxim_reds,5.637466777339676
1396,video_175,maxim_gopro,8.107801739255699
1397,video_175,maxim_realblur_j,11.88895803112535
1398,video_175,mffdnet,2.8209977269970334
1399,video_175,nafnet_reds,9.923317802336449
1400,video_176,maxim_reds,1.2225285519384912
1401,video_176,maxim_gopro,0.8749786319568053
1402,video_176,nafnet_reds,3.593773813884388
1403,video_176,real_blur,0.0
1404,video_176,mffdnet,0.7921515748749419
1405,video_176,deblurgan_inception,1.8643974551696978
1406,video_176,gt,4.91024188914272
1407,video_176,maxim_realblur_j,2.382504156822312
1408,video_177,mffdnet,0.0
1409,video_177,maxim_realblur_j,0.9293090411687879
1410,video_177,nafnet_reds,1.4075129243030589
1411,video_177,gt,5.202888792991134
1412,video_177,deblurgan_inception,0.9828550891517356
1413,video_177,maxim_reds,1.6356068521791431
1414,video_177,maxim_gopro,1.120823208480637
1415,video_177,real_blur,0.29479068195496494
1416,video_178,nafnet_reds,7.916006515463293
1417,video_178,maxim_realblur_j,5.393883686875704
1418,video_178,real_blur,1.8535112427022646
1419,video_178,maxim_gopro,3.013157488205879
1420,video_178,mffdnet,0.0
1421,video_178,maxim_reds,2.9038657344366365
1422,video_178,gt,10.808082780305718
1423,video_178,deblurgan_inception,6.234448667190503
1424,video_179,real_blur,0.0
1425,video_179,maxim_realblur_j,9.636697613773045
1426,video_179,mffdnet,3.84494123211366
1427,video_179,gt,12.675867227563007
1428,video_179,deblurgan_inception,6.905232197762303
1429,video_179,maxim_reds,1.6387653924415846
1430,video_179,nafnet_reds,7.9643905683735365
1431,video_179,maxim_gopro,4.460315611487137
1432,video_180,mffdnet,0.0
1433,video_180,gt,8.635806995977521
1434,video_180,real_blur,1.324920887225681
1435,video_180,nafnet_reds,9.370153782116619
1436,video_180,maxim_realblur_j,6.5381385923361
1437,video_180,maxim_reds,3.2314781311822527
1438,video_180,maxim_gopro,4.716063127252224
1439,video_180,deblurgan_inception,3.5461637252023204
1440,video_181,maxim_reds,0.7408306331278814
1441,video_181,mffdnet,1.6411660667877128
1442,video_181,real_blur,0.0
1443,video_181,maxim_gopro,0.44394249533575003
1444,video_181,maxim_realblur_j,6.894231744274061
1445,video_181,gt,9.843860341264342
1446,video_181,deblurgan_inception,4.40635027956245
1447,video_181,nafnet_reds,5.559598743990387
1448,video_182,maxim_reds,1.0433472995417543
1449,video_182,nafnet_reds,4.8793449525507455
1450,video_182,mffdnet,0.3528540498990116
1451,video_182,real_blur,0.0
1452,video_182,maxim_realblur_j,3.382531584296762
1453,video_182,maxim_gopro,2.4564482640293814
1454,video_182,gt,7.835756561267889
1455,video_182,deblurgan_inception,0.9502954091294398
1456,video_183,gt,6.847266675728356
1457,video_183,nafnet_reds,4.608370482473111
1458,video_183,deblurgan_inception,1.365556735449979
1459,video_183,mffdnet,0.611501641989924
1460,video_183,real_blur,0.0
1461,video_183,maxim_reds,0.487843217869826
1462,video_183,maxim_gopro,0.10778911005957958
1463,video_183,maxim_realblur_j,2.372238195606103
1464,video_184,maxim_gopro,1.4087984852733455
1465,video_184,deblurgan_inception,2.230762488531723
1466,video_184,gt,1.6964903528061992
1467,video_184,nafnet_reds,3.3998488243933815
1468,video_184,maxim_realblur_j,1.1633347487433796
1469,video_184,real_blur,0.0
1470,video_184,mffdnet,1.1535719206263113
1471,video_184,maxim_reds,3.1153971945273113
1472,video_185,maxim_realblur_j,0.6013678632001798
1473,video_185,nafnet_reds,3.665355987793882
1474,video_185,gt,6.7384628981419175
1475,video_185,mffdnet,0.048663665059174854
1476,video_185,real_blur,0.0
1477,video_185,deblurgan_inception,2.6244919264418165
1478,video_185,maxim_reds,0.6890072197503534
1479,video_185,maxim_gopro,0.07271215863026237
1480,video_186,nafnet_reds,4.796357178008289
1481,video_186,maxim_gopro,2.1731660989276236
1482,video_186,mffdnet,0.0
1483,video_186,maxim_reds,3.7383476714762707
1484,video_186,maxim_realblur_j,5.4471525056272005
1485,video_186,gt,6.329607342157795
1486,video_186,deblurgan_inception,2.6021780582932976
1487,video_186,real_blur,1.2664128963656256
1488,video_187,maxim_gopro,3.2550535833180447
1489,video_187,deblurgan_inception,5.3550265587897785
1490,video_187,real_blur,1.8039145957352392
1491,video_187,maxim_realblur_j,7.224685790656861
1492,video_187,nafnet_reds,8.39751091676467
1493,video_187,mffdnet,0.0
1494,video_187,maxim_reds,3.437024683037399
1495,video_187,gt,7.8225438995138985
1496,video_188,nafnet_reds,4.580595742423686
1497,video_188,maxim_realblur_j,0.0
1498,video_188,gt,6.986426744247192
1499,video_188,maxim_reds,2.0083466548135918
1500,video_188,maxim_gopro,1.7314146228057767
1501,video_188,mffdnet,0.9995329224894465
1502,video_188,deblurgan_inception,4.238066371145812
1503,video_188,real_blur,0.7133484128471119
1504,video_189,maxim_realblur_j,5.5986502994918945
1505,video_189,maxim_gopro,3.754902837021032
1506,video_189,mffdnet,0.0
1507,video_189,nafnet_reds,3.7418809588059814
1508,video_189,gt,8.151244742119667
1509,video_189,deblurgan_inception,3.6057244833675712
1510,video_189,real_blur,1.5032702676449388
1511,video_189,maxim_reds,3.2459289842462726
1512,video_190,maxim_gopro,0.72627187540567
1513,video_190,mffdnet,1.067739326366583
1514,video_190,nafnet_reds,6.446106856051603
1515,video_190,maxim_reds,1.4357799089105399
1516,video_190,real_blur,0.0
1517,video_190,gt,9.36306083487662
1518,video_190,deblurgan_inception,4.654936970557611
1519,video_190,maxim_realblur_j,5.173160731382758
1520,video_191,maxim_realblur_j,2.887281575836092
1521,video_191,gt,7.0790084045585004
1522,video_191,real_blur,0.17259263881445985
1523,video_191,mffdnet,0.0
1524,video_191,nafnet_reds,3.9700347993981033
1525,video_191,deblurgan_inception,4.8316561374213665
1526,video_191,maxim_gopro,1.1422020814871423
1527,video_191,maxim_reds,2.527310971313517
1528,video_192,maxim_gopro,2.8856668531338614
1529,video_192,gt,5.786267914017156
1530,video_192,nafnet_reds,7.079547649735854
1531,video_192,maxim_reds,2.6387813466432295
1532,video_192,deblurgan_inception,3.982174483806074
1533,video_192,real_blur,0.7733302911866797
1534,video_192,mffdnet,0.0
1535,video_192,maxim_realblur_j,5.283587756495633
1536,video_193,nafnet_reds,3.818434653688087
1537,video_193,maxim_reds,3.313673065010928
1538,video_193,mffdnet,0.0
1539,video_193,maxim_realblur_j,2.404313921951732
1540,video_193,real_blur,1.7834320738417602
1541,video_193,maxim_gopro,3.166363825846279
1542,video_193,deblurgan_inception,3.8422289724618857
1543,video_193,gt,4.0976994745543225
1544,video_194,mffdnet,1.5369480096873551
1545,video_194,maxim_gopro,6.089464800760197
1546,video_194,deblurgan_inception,5.1769718548730115
1547,video_194,real_blur,0.0
1548,video_194,maxim_realblur_j,8.052711254852763
1549,video_194,nafnet_reds,8.073510248481494
1550,video_194,maxim_reds,4.420382069632051
1551,video_194,gt,9.250720187049296
1552,video_195,gt,10.585087907829042
1553,video_195,maxim_realblur_j,6.377494801137541
1554,video_195,maxim_reds,4.16843832693036
1555,video_195,maxim_gopro,6.405749430089429
1556,video_195,real_blur,0.0
1557,video_195,mffdnet,1.440800482033156
1558,video_195,deblurgan_inception,5.779920027043446
1559,video_195,nafnet_reds,6.897205425212075
1560,video_196,gt,7.368373909433562
1561,video_196,real_blur,0.0
1562,video_196,maxim_realblur_j,6.258545395399038
1563,video_196,mffdnet,0.5342839841019718
1564,video_196,nafnet_reds,5.146223569474563
1565,video_196,maxim_gopro,5.124362795804619
1566,video_196,deblurgan_inception,5.803651506997026
1567,video_196,maxim_reds,3.562871234118864
1568,video_197,nafnet_reds,2.8122144912846543
1569,video_197,maxim_reds,1.6979335428859452
1570,video_197,real_blur,1.1201266890424695
1571,video_197,maxim_realblur_j,0.0
1572,video_197,gt,4.573606424893276
1573,video_197,deblurgan_inception,1.865330990933
1574,video_197,maxim_gopro,2.1848243846008266
1575,video_197,mffdnet,2.0810994959797786
1576,video_198,mffdnet,0.14644614484014426
1577,video_198,deblurgan_inception,2.091689977412442
1578,video_198,maxim_gopro,0.780559469851605
1579,video_198,gt,5.652065044872624
1580,video_198,maxim_reds,1.5910610392740072
1581,video_198,nafnet_reds,3.861929432906082
1582,video_198,maxim_realblur_j,1.187427849349576
1583,video_198,real_blur,0.0
1584,video_199,maxim_reds,3.591462738780708
1585,video_199,maxim_realblur_j,5.277862459436201
1586,video_199,deblurgan_inception,5.215488713451988
1587,video_199,maxim_gopro,1.986609908368381
1588,video_199,real_blur,0.0
1589,video_199,gt,5.97360749120454
1590,video_199,mffdnet,0.4227704447382723
1591,video_199,nafnet_reds,7.0127453364413395
1592,video_200,mffdnet,1.8596775628103606
1593,video_200,maxim_gopro,1.3483809136134748
1594,video_200,nafnet_reds,3.5980869124430086
1595,video_200,real_blur,0.14486483635583802
1596,video_200,gt,5.297324949041441
1597,video_200,maxim_realblur_j,0.0
1598,video_200,deblurgan_inception,3.8046689429518397
1599,video_200,maxim_reds,1.1604138048052683
